date,source,title,content
2023-11-25 16:53:46,Time-Caterpillar-689,SpaceX IPO next month? $TSLA,"""The privately owned company generated preliminary results of $55 million in profit on $1.5 billion in revenue during the first quarter"""
2023-11-26 21:36:18,Loud_Pineapple_4294,"Calls on TSLA, they‚Äôre making bus now",
2023-12-06 16:10:59,GreatTomatillo117,Danish pension funds (43 billion USD) starts selling TSLA stocks due to labor union dispute,"The labor union dispute with TSLA spreads from Sweden to Norway and now Denmark and the large pension funds there just announced that they will drop their tsla stocks due to it. TSLA seems to increasingly lose ground in Europe.

https://www.reuters.com/sustainability/danish-pension-fund-sell-its-tesla-shares-over-union-dispute-2023-12-06/"
2023-12-07 14:40:54,dkrasniy,Only took me 9 days to lose 290k yoloing on TSLA calls,
2023-12-20 21:53:51,carsonthecarsinogen,$TSLA carrying my portfolio ,
2024-01-04 06:12:41,ndykstra24,"That‚Äôs it, sell TSLA and buy COIN",
2024-01-15 17:41:22,Reisyz97,remember when elon pumped $TSLA instead of dumping it?!,"for context elon just tweeted out

‚ÄúI am uncomfortable growing Tesla to be a leader in AI & robotics without having ~25% voting control. Enough to be influential, but not so much that I can‚Äôt be overturned.

Unless that is the case, I would prefer to build products outside of Tesla. You don‚Äôt seem to understand that Tesla is not one startup, but a dozen. Simply look at the delta between what Tesla does and GM. 

As for stock ownership itself being enough motivation, Fidelity and other own similar stakes to me. Why don‚Äôt they show up for work?‚Äù"
2024-01-20 19:51:21,hbull2021,TSLA Holders in 2024,
2024-01-24 14:15:54,charade_philosopher,$TSLA Earnings Thread,"Gross margins continue to shrink, down -612 bp yoy to 17.6%, also down sequentially from 17.9% last quarter. Operating margins are even worse, down -784bp yoy to 8.2%. Looks like all those price cuts are taking their toll. Not looking too good for TSLA in the EV rat race.

They lost market share in Europe compared to Q3 as well. The Chinese competition has gotten a lot more fierce in Europe lately, so this doesn't bode well for TSLA.

* Revenue: $25.17 billion (actual) vs $25.62 billion (estimated)
* EPS: $2.27 (actual, GAAP) / $0.71 (actual, non-GAAP) vs $0.74 (estimated)

Earnings release: [https://ir.tesla.com/#quarterly-disclosure](https://ir.tesla.com/#quarterly-disclosure)"
2024-01-24 14:43:08,GeeksGuideNet,Cramer is positive in Tesla $TSLA,"https://x.com/jimcramer/status/1750269995886551273?s=46&t=tBKgGbULtNKzJnekRz5D8Q

Who owns $TSLA? Adding? Selling?"
2024-01-25 18:07:58,PANCAKEx74,Call me dumb but doesn‚Äôt this chart pattern show that $TSLA is about to shoot to the moon?,"I‚Äôve already bought call options before today ended. I know Tesla is getting major hate, but Elon always finds a way to make it boom."
2024-02-19 05:01:15,Particles1101,$TSLA leaps holders be like,
2024-02-22 10:00:49,Brendawg324,TSLA clearly does not deserve to be a part of the Mag 7 club anymore ,Idk how they managed to be the only red stock in the Mag 7 today
2024-02-27 12:32:06,ishiboy,"Apple Cancels Work on Electric Car, Shifts Team to Generative AI $tsla üöÄ",
2024-03-11 15:01:24,Skilled626,US Billionaire Drowns in Tesla Model X. Attempts to break into the vehicle were not possible due to the reinforced glass ,PUTS ON TESLA
2024-03-12 11:17:12,Loud_Pineapple_4294,"If TSLA recovers, this will be easy ten bagger",
2024-03-14 08:34:37,RobOReilly,It's time to buy $TSLA ($165). My bull case.,"Current Price: $165.  

I'm a value investor, but TSLA has finally reached a price today ($165) I consider a steal.  Everyone should have at least 1-5% of their portfolio in TSLA at these prices.   No doubt the stock has short term problems.  From slowing China sales, to Hertz dropping it, to slowdown in German production.  And that is already reflected in the price. In 6 months, it‚Äôs dropped almost in half from $299 to $165.  But there are some major long term points the market is missing:

Robotaxis.  

I believe there is at least a 50% probability that Tesla has an Nvidia-like moment w/in the next ten years when the first Tesla robotaxis hit the streets. Imagine Tesla makes a car for $20K.  That car then picks up passengers* for nearly 24 hours per day (except when charging itself).  That car could easily generate $50K annually.  That‚Äôs a 2.5X annual return for every car they manufacture.  

They made 1.85M cars in 2023.  Up 38% YOY.  If they can grow by 15% (far less than 38%), that's 7.5M cars in 10 years.  Each car (robotaxi) generates $50K+ per year.  That's $375M+ in revenue.  It'd be a virtual cash machine valued (at the lowest) 5+ times revenue.  That's at least a $1.875T Market Cap. 

Other EV Pain is Tesla‚Äôs Gain.

Tesla dropped prices largely because they can, unlike the other EV makers. The legacy autos (ie Ford, GM) and even new rivals (ie Rivian) don‚Äôt have any margins on EVs yet.  They actually lose money by making them. So the competition is getting frustrated and giving up. That‚Äôs making people believe the whole industry is hurt.  But that pain is actually gain for Tesla, in the form of future market share. And it shows just how high a mountain they already climbed.  Nobody else can figure out how to make EVs profitably.  Tesla is one of the best run companies in the world and that‚Äôs how they accomplished it. They have some of the best engineers and maintain a very lean operation.  

Fair Value

If you believe that in the next ten years Tesla will be a trillion dollar company, you should buy at these prices.   If we discount at a 5.5% rate, 1,000,000,000 / 1.055^10 = $585M, which would correlate to a Tesla stock price of $184.19 (because there are 3.176M shares outstanding).  I personally believe that Tesla is going to be a $2T or even $3T company.  Discounting the previously mentioned $1.875T market cap would land at a current price of $345."
2024-03-14 23:20:42,AsshhhHo,Imagine selling TSLA cause this guy downgraded it,
2024-03-22 04:27:53,PewPewDiie,The insane $TSLA bull case no analyst sees coming yet,"BUCKLE UP MFKERS, I GOT THE SCOOP FOR THE NEXT MOONING (AS BIG AS AI WAS)

**TLDR (cuz who here can actually read):** Idgaf about TSLA as a car company, soon noone else will too. Due to China and nerds making insane tech, humanoid robotics will be HUGE by late 2024. TSLA the company that will win this race. Market will realize in a cuppa months. Market for this is 20-100T USD with infinite growth potential. TSLA is quietly becoming the NVIDIA of humanoid robotics.

AI hype has hit the street, you know what that calls for: it's time to pivot to what the old f\*cks on the street is blind to (cuz they're so old).

Humanoid robotics. Any hedge fund manager would laugh, that's why it's genius.

1. Robotics has been around for a long time, but try programming a robot the same way you program a computer and ofc it will fail. It can't reason the way we reason. Since AI popped off, robotics has been reaping the rewards. While yall sleeping, terminator is being built. Check rate of progress from 2022 -> 2024, it's insane and show no signs of slowing.
   1. This is not the boring toyota drunk robots that can't do sh\*t. This is solid progress made at supersonic speeds on making robot workers for real. There is no limits to this actually working, it's an engineering problem at this point and a matter of time.
2. Ofc Xi Jing Ping is sharper than any of the dementia patients sitting in congress. China makes savvy decisions and guess what their plan is: **500 humanoid robot workers / 10 000 ppl by 2025. That is** **3.8 million humanoid robots.** They have put their money where their mouth is and gone b a l l s deep on investment into this. They are showing good results and making insane progress quickly.
   1. The implications here alone are huge: China US rivalry won't die anytime soon. This will force the hand of the US. A trump win would be huge as he can see stuff like this coming. He just needs to talk about it to legitimize the industry, and he surely will.
3. The market for humanoid robots is as big as the market for manual labour as long as the bots can perform the tasks efficiently. Analysts forecasts don't count towards the trajectory we are on. IE THE MARKET IS CURRENTLY 30% OF WORLD GDP WITH NEAR INFINITE GROWTH POTENTIAL.

Here is why TSLA will be a huge winner in this.

* Name of the game in AI is training data, talent and compute. Tesla has huge training data advantage as their vision models already are extremely good.
   * They have already chugged away at this problem for years and years as the chip needs to be inside the robot, and not in some huge gpu datacenter. Guess what they have in their cars: A lightweight, energy efficient chip for exactly this type of processing.
   * They have the human talent and is well regarded in the AI industry. Altough Grok so far has sucked, Elon realizes that it's immensily important to get this model smarter and is putting heavy focus on that. This is directly to augment their tesla bots with reasoning capabilities. Grok is specifically designed to solve reasoning unlike other AI models where the focus is more towards workplace efficiency.
   * They already have a multimodal model with language understanding inside their bots.
   * We should see actually useful humanoid bots working in their factory this year. They will 100% use them internally a lot before selling anything. After proper field tests and refinement the market will be GASPING for these bots. They don't even need to be anywhere as close to good as perfect, they just need to be as good as 70iq darren in minnesota doing the same repetitive task over and over again. We already have that intelligence in language models today.
* Lack of AI day: To quote deranged Elon: *"" Some of our competitors look at what we do on a frame by frame basis. The same happened with Battery Day. So we have to be a little cautious, but some kind of update would be good to do. Will discuss with the team, maybe something later this year. Our main goal with these AI Day things is recruiting and to change the perception of Tesla as a car company.""*
   * Essentially, AI day has not happened bcause they don't want to give up their competitive edge, not because of lack of progress. Once Investors realize TSLA are capable as an AI company, market will reflect that.
* Manufacturing. Idc if figure01 from figureAI is good as balls, they have ZERO experience in manufacturing. Manufacturing these bots will be the hard problem to solve. There is no better company set up for this than TSLA. (MSFT is bull case long term too btw)
   * TSLA CAN TEST THESE BOTS LIVE IN THEIR OWN FACTORIES WHILE DEVELOPING, THE ADVANTAGE IS ENOURMOUS. Having integrated development for exactly the type of customers they would sell to once it's mature.
   * TSLA has walked the road of going from startup to one of the leading EV manufacturers. They continually develop their manufacturing processes, taking insane risks to make it more efficient. THERE IS NO OTHER COMPANY BETTER SET UP TO GET MASS PRODUCTION OF THESE BOTS GOING ONCE THEY'VE REACHED A VIABLE PRODUCT
* Chinese competition: China might very well beat tsla to the punch in this, this is good. Why? Because US would NEVER rely on china to make them their robots. They will turn this into a case of national security faster than i can inseminate my 5'2 mewtoo build gf.

And I haven't even gotten to the best part yet: it doesn't matter if these robots can take over the world or not, ALL THAT MATTERS IS THAT INVESTORS AT SOME POINT THINK THEY CAN. Riding the hype 'bubble' is irrelevant, only thing that matters is being ahead of the bubble.

As engineer, I see no reason that this will be a bubble, just a matter of time. What will be tricky is getting manufacturing up to scale, but from a moon case scenario - that doesn't fkn matter. All that matters is a belief that it will happen and tsla stock price will reflect it. There is NO DOUBT that they are the US company best set up to do this.

**MY POSITION:** Call options for TSLA 350 by dec 2025. (retrad bookie won't let me go higher)

**MY PREDICTION:** TSLA anywhere from 400 - Nvidia levels of valuation (750+) by late 2025. Short term we prolly won't see any gains on tsla due to this development hasn't gotten any hype yet but sometime this late summer / fall (Elon time accounted) we should see the hype about this getting started for real.

Why listen to me? **Don't,** you will jinx my positions."
2024-03-26 07:02:53,Luka77GOATic,"Tesla (TSLA.O), will offer U.S. customers a month's free trial of Full Self-Driving (FSD), CEO Elon Musk said on Monday","""All U.S. cars that are capable of FSD will be enabled for a one-month trial this week,"" Musk said in a post on social media platform X.

He has also told Tesla staff to give demonstrations of FSD to new buyers and owners of serviced vehicles, according to two emails verified by a source who sought anonymity.

""Almost no one actually realizes how well (supervised) FSD actually works,"" Musk said in one of the two emails, sent to Tesla employees.

Source: https://www.reuters.com/business/autos-transportation/tesla-give-one-month-driver-assist-technology-trial-customers-2024-03-26/
"
2024-03-27 23:30:13,Harucifer,"TSLA stock price correlates with Google searches for ""never gonna give you up"".",
2024-03-29 14:32:47,X_CLUSIVE69,Someone is selling one TSLA share PRE-SPLIT,Is this worth buying? lol 10k cad 
2024-04-06 10:56:43,47theG,"TSLA 0DTE $160puts, $500‚Äì>$14.5k",
2024-04-11 08:11:03,PaleEntertainment400,Nvda Tsla inversely correlated lately,"My regarded ass isn‚Äôt sure what to make of it, but seemed kind of interesting üêé
 "
2024-04-14 16:30:05,NewSlinger,"Tesla (TSLA) is rumored to be preparing a massive round of layoffs, as high as 20% of the workforce",
2024-04-16 12:58:51,Extreme_AppleChamp,$TSLA - going below $125?,"1. EV sales are slumping
2. Senior executives leaving 
3. Cybertruck has not been selling at all
4. Tesla slashing prices almost every week
5. Tesla laying off more than 10% workforce
6. Tesla slowing down disastrous Cybertruck
7. Tesla resale price plummeting 
8. Hybrids make lot more sense and killing EVs
9. Most people don‚Äôt need the Fake FSD and not willing to pay for it. FSD sale‚Äôs plummeting.
10. Once BYD starts production in Mexico, it will get even harder for Tesla.

Biggest question for Elon: what is Tesla strategy to counter $20K BYD Chinese cars coming into US soon from Mexican factories?

I can go on but I guess you get the message üí° 

At this rate, $TSLA can go down to $125 within few weeks after earnings call  OR as Tesla bulls like Cathie Wood say ‚Äúonce in a lifetime buying opportunity‚Äú ? 

What do you say?
 
*** Disclaimer: I have no positions in Tesla and I‚Äôm like most of you, just a regular joe, not a financial advisor etc‚Ä¶ "
2024-04-22 09:00:27,Affectionate-Body221,Its all over for TSLA,
2024-04-23 05:46:19,Extreme_AppleChamp,TSLA: Big question for Elon today on earnings day!,"IMO, the biggest question for Elon to answer during today‚Äôs earnings will be what is Tesla strategy to counter $20K BYD Chinese cars coming into US soon from Mexican factories?

BYD executives announced on Wednesday the automaker will begin selling its Dolphin Mini electric vehicle (EV) in Mexico at 358,800 pesos ($20,990). 

If Elon‚Äôs plan to compete with BYD is to ask the president to put 100% tariffs on BYD imports, that‚Äôs not a good working plan. As I understand, there‚Äôs a limit to tariffs and then it goes to WTO for arbitration. Another problem is China can retaliate with its own sanctions & tariffs!

I have been saying for a long time now, Tesla needs a CEO who can focus on the car, customers & shareholders instead of X, fighting with media and its main customers - the liberals who have almost completely abandoned Tesla. IMO, the way things are going Tesla may go down below $125 soon. Long term, I‚Äôm still optimistic on Tesla, unfortunately it has become one manchild dependent company with a spineless board.

https://www.reuters.com/business/autos-transportation/chinese-carmaker-byd-launches-low-cost-dolphin-mini-ev-mexico-2024-02-28/#:~:text=BYD%20executives%20announced%20on%20Wednesday,in%20reach%20of%20Mexican%20consumers.

Disclosure: I‚Äôm not a financial advisor and own no Tesla shares. It just hurts watching how things are spiralling down at an iconic company in front of our own eyes."
2024-04-23 08:15:51,kakawhalito,50k tsla short yolo,Woke up and chose fuck tsla
2024-04-23 13:10:16,Turbulent_Cricket497,Why is TSLA up big on missing earnings estimates?,Is is because the miss was not as bad as feared?
2024-04-23 19:33:51,Mavnas,How I feel holding TSLA puts right now,
2024-04-24 09:33:45,Agreeable_Ice_4774,TSLA - the dead cat's bounce will fade,"TSLA went up because it had a worse quarter than projected... because?

* There will be a ""model 2"" - by the way it will not require modification in manufacturing.  No that's not model 2, it's just model 3 at a lower price point.  Read margins to contract
* Robotaxi... ?

The stock will be a good buy at $120 - no reason to get in right now.  It's a dead cat's bounce and will fade.

PS - I should add one more thing.  Long term, this decline is better for TSLA as this gives them time to take lead from their US and EU competitors.  Chinese are doing well, but they will not out innovate TSLA long term.  But that story will take another 2-3 years to play out.  In short term, I am suggesting TSLA will do poorly.  "
2024-04-25 03:30:00,Androcles_InTheSky,8K IN EARNING REPORTS. Just like I beat TSLA AND META (go check my latest post) I will beat these two. 4/4 ,
2024-04-26 12:59:13,lonestardrinker,59% of TSLA autopilot crashes had visual of potential collision for over 10 seconds.,"Is this what caused the afternoon drop in the stock? Pretty knarly reading this. We measure traffic fatalities in 100 million miles driven.

https://static.nhtsa.gov/odi/inv/2022/INCR-EA22002-14496.pdf"
2024-04-29 03:56:38,Chad_Permabull_GOD,Elmo got me. 30k loss on 155k TSLA short,
2024-04-29 06:03:36,th00re,Tesla rn,
2024-04-29 12:53:33,FUCKUWO,Tsla helping me buy a benz (1.5k->30k),
2024-04-29 19:08:11,Ok_Economist491,Loss SPY/TSLA/NVDA 0DTE results,Got my ass handed to me 
2024-05-16 23:55:52,lysergic_af,Should I sell the TSLA shares bought 10 years ago,"My first big investment into the stock market was about $2k into TSLA in about 2014-2015. These shares have split twice and are worth about $26k now, I‚Äôm wondering if I should sell and try to do something more profitable with the gains, or just keep holding. I had kind of been thinking of these shares as a retirement fund but now thinking maybe there‚Äôs something smarter I can do. Any insight is appreciated, thanks y‚Äôall. Edit: Should‚Äôve specified this originally but I started with 10 shares at $199 a piece. This split 5x and then 3x so I‚Äôm now at 150 shares ~26k currently.  

Update: I think what I‚Äôve decided to do is sell covered calls with my shares for premiums in the meantime. I do want to keep holding long term, so gonna try to make a profit but still keep the strike price high enough so it‚Äôs unlikely the call gets assigned. Starting with $200 for just a month out. But if it moons and they sell then hey I‚Äôll take it. Thanks for all your input. First time really getting some decent feedback on a reddit post so fr thank you guys"
2024-05-17 07:32:12,greenandycanehoused,What happens to TSLA earnings if 56 billion to Elon?,"There is a vote on June 13, regarding 56 billion dollar pay to Elon Musk, which was called into question by a judge in Delaware.  All over the news so let‚Äôs assume you already know and don‚Äôt need the link.  

Either:

 A) shareholders vote yes and board gives Elon musk 56 billion.  In this scenario, TSLA earnings go down by 56 billion.  Is this already priced in or does TSLA stock drop accordingly?  

Or, 

B) shareholders vote no and the board gives it to him anyway.  Or maybe the board sided with unhappy shareholders and face the wrath of an epic Elon musk tantrum? In this scenario, TSLA shareholders are unhappy and jump ship either way.  Is this already priced in or does TSLA stock crater to more realistic numbers?

I‚Äôm very interested to hear if there are alternative scenarios where the stock price isn‚Äôt impacted by this vote on June 13?  

It seems the June 13 vote (I think they need to report results within 4 days) will be more consequential than any earnings report, right?

Edit:  you have to see this link to consider the gravity of the June 13 shareholder meeting

[https://electrek.co/2024/05/20/elon-musk-confirms-threat-give-me-25-of-tesla-or-no-ai-robotics/](https://electrek.co/2024/05/20/elon-musk-confirms-threat-give-me-25-of-tesla-or-no-ai-robotics/)
"
2024-06-01 14:52:24,HowAmIHere2000,TSLA after stock split crashed by more than 60%.,
2024-06-10 12:00:58,red1990corvette,Musk Pay Package is a lose/lose for TSLA,"I believe the upcoming TSLA shareholder's meeting could be a lose/lose for the company.  At issue: whether shareholders believe Musk should receive his $56B pay package (originally agreed in 2018 and struck down by a Delaware judge earlier this year).  Proxy advisory firms ISS and Glass Lewis have recommended against approving the package, and many institutional investors have followed their lead.  Still, a majority (56%) of those [surveyed](https://www.teslarati.com/morgan-stanley-survey-tesla-investors-will-ratify-elon-musk-2018-comp-plan/) said they expect the proposal to be approved.

However, whichever way this vote goes, I expect a negative outcome for TSLA.  There's one of two outcomes:

**A) Musk Pay Approved**

* If the pay package is approved, it would bring Musk's ownership of the company close to 25% and dillute all other shareholders by 10%.
* For many shareholders I expect this to be the last straw for them.  Those who vote against the package will see this as musk trying to extract as much value as he can from a dying company.  Especially after this year's sales slowdown (Hertz is [selling](https://www.cnbc.com/2024/06/06/ev-sales-slump-hertz-dump-take-used-tesla-to-no-haggle-25000-price.html) off its Tesla fleet, admitting the move was a mistake) and axing of the entire supercharger team.  Not to mention Musk's continued shitposting [alienating](https://www.wsj.com/business/autos/elon-musk-turned-democrats-off-tesla-when-he-needed-them-most-176023af) desperately needed democrat buyers.

**B) Musk Pay Denied**

* If the pay package is denied, I think it would indicate the beginning of the end for Tesla.  Musk has already said that he would shift his focus to his other companies if he doesn't get his $56B.
* He has threatened to develop AI at one of his other companies instead, and has already admitted to diverting Nvidia GPUs from Tesla to xAI and Twitter.
* Musk has been the primary driving force behind Tesla, and without his presence and constant hype I think his diehard supporters will begin to reevaluate their ownership of Tesla stock, leading to a major selloff.

My position: I own 6 contracts of the TSLA 175p expiring 6/21.  Not financial advice."
2024-06-23 06:08:52,MajorHubbub,TSLA R FUK,
2024-06-29 08:57:28,Specific_Concern649,Why I‚Äôm short TSLA and you should be too,"First their delivery numbers for Q3 will be lower than expectations, signaling continuing falling demand. This is after the price cuts, low interest rate offerings, and discounts. Demand just isn‚Äôt there and they do not have enough time to turn things around.


Margins keep getting tighter and tighter, falling to levels similar to other automotive companies. ‚ÄúBut but FSD and robotaxi‚Äù. FSD hasn‚Äôt had the perceived success they thought it would have - people just like driving their cars and the extra value isn‚Äôt there for the normal person. Robotaxi won‚Äôt be ready this year, I‚Äôd be surprised if it‚Äôs ready next year - this is the most obvious sell the news out there, especially based on Tesla‚Äôs track record of over-promising and hyping things up. 


They currently have nothing in their financials but ‚Äúhope‚Äù that signals a turnaround. Fundamentals clearly show TSLA is overpriced and I expect a tank in the near term. Oh and once the Delaware judge validates the attorney fees Tesla will have to pay those attorneys in billions worth of options which will almost assuredly be sold. Good luck to TSLA bulls but things aren‚Äôt looking good. 


My position is 50 8/2 $180 strike puts ."
2024-07-02 23:24:03,theverybigapple,"Tsla to 3000 now possible,",
2024-07-04 08:24:17,RealMatthewDR,$7.4k to $137.5k in 5 days. Don‚Äôt bet against $TSLA üöó,"1,753% gain "
2024-07-05 08:20:37,RealMatthewDR,"$TSLA to $260 today, so I dropped $40k on 0DTE lotto tickets","150 $252.5 calls
100 $250 calls "
2024-07-09 08:10:56,smoketreeee,"Using my parents‚Äô down payment money, thank god I recovered üíµüí∞üí∏ $TSLA $NVDA","Almost lost everything. These are all in trades, same week expiry and out the strike.
‚ÄúIt‚Äôs not the destination, it‚Äôs the journey‚Äù - Ralph Waldo Emerson "
2024-07-09 12:41:51,RealMatthewDR,UPDATE: $7k to $210k in 10 days. Don‚Äôt bet against $TSLA üöó NOT LEAVING,"2,734% gain

Shorts get rekt "
2024-07-11 08:52:45,edp445burneracc,Nice rug pull on $TSLA,"Good day to be a gay bear
"
2024-07-12 03:14:08,ishiboy,UBS downgrades $tsla to $147,
2024-07-16 08:58:10,wallstchicken,"Last May, my mother moved her RIRA to Etrade and gave me the password. I sold options to WSB and bought TSLA, SMCI, and NVDA.","https://preview.redd.it/e8mglluukwcd1.png?width=1186&format=png&auto=webp&s=5d1f239d5262a6357ce873e1a203e56afee244de

hoping this means i dont have to move out of the spare room because literally nobody wants to hire me after i got fired from my last job.

edit: on a serious note and jokes aside, it feels incredible to give back after my father passed and things went a bit sideways for her. she has a very big pillow to fall back on now so no fear for retirement and such."
2024-07-21 20:12:22,Odd_Explanation3246,Loading up on $tsla puts tomorrow.,
2024-07-23 11:27:10,GrowYourConscious,Why I'm playing TSLA puts today,"Guys, we have an insane earnings week and I just wanted to put in my two cents for TSLA today. 

Here‚Äôs what they're expecting:

* Earnings per share: 62 cents expected

* Revenue: $24.77 billion expected

Just for comparison:  A year ago, Tesla reported 91 cents of EPS and sales of $24.9 billion. First and formost, I'm getting a put spread. Not puts. IV is just way too high for just puts. Spreads reduce the IV and focuses more on the underlying. But why puts? The stock actually PUMPED hard last earnings. Well, let me explain. 

Lower sales volume and vehicle prices are behind the expected decline. Tesla delivered about 444,000 vehicles in the second quarter at an average realized price of $42,500. A year ago, the company shipped about 466,000 vehicles at an average price of about $44,000.

There's really no indicators telling me that they're doing better as a constant decline in sales will probably continue well into 2025. Just look at the headlines. Musk's cybertruck is a complete failure. The tesla semi is a dud. The tesla roaster isn't out and will never be out. And his other projects? Hyperloop, solar panel shingles? All busts. 

Yea I'm expecting a >10% drop today. TSLA 7/26 240p is just a bit too expensive for an earning play, so this is why I'm getting the spread. Buying the 240p while selling the 225p (same exp) seems like a smart choice to me. I can grab the spread for 477 bucks right now at the time of writing. Meaning, if TSLA drops as much as I expect today, this spread should profit over 3x. Good luck!"
2024-07-23 13:14:31,Brendawg324,"Tesla (TSLA) releases Q3 2024 results: billion-dollar revenue beat, shares fall after hours ",
2024-07-23 16:13:23,santakegs,$TSLA puts printing in the AM,Might be my first time making money gambling. Wish me luck. 
2024-07-23 16:28:48,wallstchicken,I buy TSLA because I am poor. I am poor because I keep buying TSLA. ,
2024-07-23 21:09:27,sixth_survivor,"TSLA to $100 by October because: Failed RoboTaxi, Failed FSD, and profits plunging. $43 Gap fill not yet closed.",
2024-07-29 08:36:03,AttackSock,"Bought a $20 put Friday near market close hoping TSLA would drop. It didn't, so I let it expire worthless. Writer had other plans...",
2024-07-31 19:12:33,Nam_usa,$0.5M goal reached,Started with $60k got up to $190k with tsla puts during the April downturn. But then proceeded to lose a good chunk ending with $37k towards end of May. Say fukc it and Yolo the remaining $37k on nvda calls before q1 earnings. Made back what was lost and some. Turned the gains into 1k tsla shares. Bought more tsla puts for q2 earnings. Cashed out big. Now holding a sh!tload of tsla calls and nvda calls. Next goal to turn the calls into 1.5k nvda shares and another 500 tsla shares. Goal is to hit $1M EOY. Just lots of luck and good timing.
2024-08-06 08:22:22,AlphaFlipper,"BACK IN THE GREEN, WE ARE SO BACK.",
2024-08-08 19:50:42,venom_holic_,How many of you bought the dip and quit wendy‚Äôs?,
2024-08-17 10:54:53,zeusthunder,$TSLA PUT YOLO,
2024-08-26 21:46:03,Loud_Poem362,Made it to $1M this year,"I have only you regards to share. Showed my wife this screenshot, she saw the IRA bit and thought it is projected money at retirement, I did not bother to correct her.

Top gainers:
DELL Calls when it was under $100 (+$167k)
NVDA Calls during recent dip (+$167k)
NKE Calls when it was under $75 (+$166k)
a space stock (bought around $5.50 sold at $7) (+$112k)
RDDT stock (bought under $55 sold around $70) (+$73k)

Top losers:
Stock liked by a baby cat (fomo) (-$142k)
EXPE (bought in Feb expecting future olympics to boost it) (-$25k)
PANW calls when it first fell under $330 (Pelosi fomo) (-$15k)

Story:
In 2018/2019 I was inspired by a regard posting $500k account he made by trading CHGG.
Started Robinhood in 2019 with $70k (total life savings) and made it $40k by the end of year.
Funny story, I misunderstood that impeachment meant removal of president and yoloed into volatility etf and poof 50% loss.
Started SPY calls in 2020 and the account became $15k when COVID was first announced. Closed all positions. Withdrew whatever was left.
Started in 2021 fresh with $40k deposit, made it to $75k on TSLA calls. Then made the biggest bad decision in my entire life to yolo that into far OTM BB leaps expiring in 2022 and 2023. Poof all gone.



Did not trade in 2022 and early 2023.
Became interested because I saw regards posting gains mid 2023.
I had $50k in 401k with a previous employer. Rolled that over to an IRA and started trading.
Made it $180k by 2024 (only stocks)
Enabled options in 2024 and made to $1M

Good luck to you regards!
Not financial advice.

"
2024-09-05 17:44:30,Minai808,LLY is beating out TSLA to become a Trillion Dollar company,"LLY is set to become the 1st trillion dollar health-care stock. Eli Lilly has been having major wins since their earnings. Their drugs are no longer in shortage, Zepound was found to have cardiovascular benefits, and their once a week insulin is showing equal results to daily insulin injections.

The cardiovascular benefits from zepound is huge because patient insurances are more likely to cover drugs like this, without patients having to try other medications since it‚Äôs an actual benefit that no other fat loss meds have and it help lower the risk of their patients being in the hospital, which will save insurance companies more money at the end.

The weekly insulin is HUGE. The biggest complaints patients have is the amount of times they have to inject themselves throughout the day. The benefit this will have, is that both type 1 and type 2 diabetics can use this and there is a smaller risk of hypoglycemia/lower blood sugar since there‚Äôs no defined peak with the insulin.

https://www.biopharmadive.com/news/lilly-weekly-insulin-efsitora-phase-3-data-lantus-tresiba/726155/

I‚Äôve been a diabetic pharmacist for the last 10 years and I‚Äôve been lucky to be making over 40k on LLY options.(see my previous posts)

I feel like this is the lowest LLY will get before it shoots up, tomorrow would be a perfect time to get in IMO with shares, not options (wait till Monday). Thank you for attending my TED talk. Thank me later. "
2024-09-08 13:09:31,Ok_Bodybuilder_2384,Calling the top on $TSLA. Change my mind,"1. Sales. Tesla sales are down, and I think they will keep falling. There‚Äôs no EV winter, Ford etc. are doing fine. People are buying EVs, just not Teslas.

2. Leadership. Musk has spread himself too thinly. Spends his days tweeting random conspiracies, aside from running idk how many side companies. Seems he has shiny object syndrome and clearly the attention isn‚Äôt on Tesla right now.

3. Competition. Chinese EVs are better. Cheaper. He said it himself. Americans will eventually catch on and shift to those. 

4. Regulations. Trump gets elected, he will favor fuel/hybrids. He could‚Äôve made Biden-Harris his allies as they clearly care more about climate change, EV stuff - but he‚Äôs alienated them more than ever. 

He‚Äôs also alienated his core customer base (climate conscious left-wing folks, right wing folks mostly think EVs are gay)

5. His public (mis)behavior. Going on full jousts with the biggest western governments while cozying up with the dictatorships (Saudi, Turkey) won‚Äôt serve him. His lack of content moderation and refusal to cooperate with the world‚Äôs largest govs can cost him big. See Pavel Durov‚Äôs current situation. 

6. Stock price. Tesla is overbought. Has been for a while. Was fine when it was seen as the highest growth EV contender, but its subsiding with competition. He‚Äôs been pushing for it to be valued as an AI company but it‚Äôs not happening. The $56bn payout that was just approved shows he probably thought that money was more productive out the company versus reinvested.

7. X is bleeding cash. He‚Äôll probably sell some $TSLA stock to reinject money into it since he‚Äôs not letting it go bankrupt and most likely won‚Äôt sell it either.

Based on the above. I call a top.
Thoughts?"
2024-09-23 17:37:13,bignoze,Who thinks TSLA is going to miss earnings because cars are stored everywhere. ,"TSLA is having an enormous problem. First off I live in Austin and I drive by the plant every once in a while. They have cars stacked 4 and 5 high, looks like almost a 1,000 if not more. Cybertrucks too. They have finally caught up to demand and now have way too much supply. The CyberTruck is a dud. I canceled my order, so did everyone else I know. The Model Y and 3 seem to sell well but I rarely see a new model X or Y. So the high end has stopped moving. Plus they have lowered the prices so much they have destroyed the high margins they were making. Plaid has gone from almost $140k to less than $100k. That‚Äôs a lot of profit gone. Tesla dealerships have them stored to the Moon. Same thing cars stacked 4 and 5 high and parked all over the place. At other Dealerships I am being told by friends who live in other parts of the Country that it‚Äôs worse. 

The entire car industry is having massive issues but Ford and GM are not valued at 60xs forward earnings. 

I think Elon is going to try to preempt the Earnings disaster with his ‚ÄúRoboTaxi‚Äù announcement on the 10th. 1 week before earnings on the 16th. Try to ride the ‚ÄúAI‚Äù hype. 

Power-walls don‚Äôt sell, Solar does not pencil out, and they are not building a robot anytime soon.

But they still can‚Äôt make my dam Roadster, been on order for 4 years plus. 

Me thinking of taking out a nice Put position for the 16th. Short term Puts will be cheap and stock has rallied back over $250. Perfect timing to knock $50 bucks off the stock. 

That‚Äôs what happened last time.

Thoughts WSB wizards?

TSLA Puts, out of the Money, for the Win? 

Or don‚Äôt bet against Elon. I am a huge fan but I can do math too and theirs just does not add up."
2024-10-02 07:18:37,RealMatthewDR,$98k YOLO on $TSLA 10/18 calls. Tesla is going to print after the Cybercab unveil,Not financial advice 
2024-10-05 10:51:32,2CommaNoob,Robotaxis will not be a trillion dollar business,"I fail to see the trillions business that Musk and all the analysts parroting for robotaxis.  It‚Äôs a stupid idea built on fantasies.  Here‚Äôs my argument:

1. Every single Tesla owner I know won‚Äôt lend out their cars. The lending out is the stupidest idea ever.  Every car owner I know won't lend out their car either.  Tesla will have to run their own fleet which will increase costs, maintenance etc.
2. Percentage of people willing to take a robotaxi daily are low; like Uber.  At best; it‚Äôs will be an Uber like service with limited use cases:  Traveling, airports, designated drivers etc.
3. Costs are astronomical when you add up all your small daily trips.  Two kids household in the US suburbs with limited public transportation.  I take approximately 8-10 roundtrips a day, sometimes more on the weekends.

For example: $7 per trip according to Musk: commute(2), kids school(2), kids activities(2-4), leisure or Starbucks or McDonald‚Äôs or family visits(2). $60-80 per day= $1500+ per month and that‚Äôs assuming every trip is $7.  Why not just own a car at    that price?

Edit: I forgot to add the emotional, pride and freedom of owning a car.  US consumers love their cars and trucks more so than guns.  A lot of people will die rather than give up their cars.

Edit: All the pro responses are parroting the same spiel that Musk, Woods and analysts are spewing.  No examples, no numbers, no market.  It's ""Believe me, it will happen"".  Same as the metaverse, Vision Pro, 3D printing, 3D TV which were all touted as the next big thing but ended being a limited market.

Their car and energy businesses will be fine but the trillions robotaxi business has always been a fantasy.   This ain‚Äôt about the stock price or where it‚Äôs going.  TsLA never traded on fundamentals anyway.  "
2024-10-07 09:05:45,BenevolentCheese,"Apparently I've been sitting on 150 TSLA shares in my Roth for 10 years and had no idea, AMA",
2024-10-11 08:41:59,themasterofbation,TSLA Robovan & Housing,"Everyone is talking about the Cybercab, but Elon actually solved the world-wide housing crisis with the Robovan.

In 1 year, when it rolls off the production line, you will be able to hail a Robovan, configured to have a bedroom. It will pick you up in the city center, in the evening, and you will sleep in it, while it drives you outside of the city. It will find parking and drop you off at 8 AM in front of your workplace, with a hot coffee and breakfast, which will have been delivered into the Robovan while you slept. I believe this is 1-2 years away.

Imagine you can live in a robovan for $8 a day (or $1 per hour)...basically IN THE CENTER of New York. That's $2800 per year, or $140,000 in a lifetime. You wouldn't be able to buy a cardboard box in NY for that price.¬†

I've been heavily invested in real-estate but I am liquidating all those assets and moving them into TSLA stock"
2024-10-17 20:36:41,dagowankmaster,For fellow Tsla copium enjoyers üöÄ,
2024-10-22 06:14:59,zech01,$70k profit from shorting TSLA,Thanks Papa Elon
2024-10-23 11:40:15,Deja_ve_,$TSLA: The DD of a lifetime. ,"Hello, everyone! As we all know, $TSLA is having their quarterly earnings, which is a big deal for some bears. But let‚Äôs crack down on the bear party just for a second and use *logical* reasoning for why TSLA might not end up in the gutter as many would think. 

1. Expectations are low, just like Q1 (will get back to this later).
2. Their shittiness is priced in already after Robotaxi event.
3. Elon Musk is a master stock manipulator. 

Keeping all of this in mind, this isn‚Äôt even the *real* part of this DD. The actual, most integral part is looking at Elon Musk‚Äôs Twitter, which I decided to keep a close look on the past couple of earnings reports. 

On the day of Tesla‚Äôs Q1, Elon Musk tweeted a total of 5 times, where the stock ended up going up 13% and then an additional 16% the next 2 weeks. 

On the day of Tesla Q2, Elon Musk didn‚Äôt tweet **anything**, and the stock ended up falling 14%. 

Seems like a pattern has been drawn up, huh? Elon tweets a bit when the Tesla stock is going to moon on earnings while he‚Äôs in a cocky mood, and is dead silent when Tesla is going to fall. 

Now guess how many times Elon Musk has tweeted *so far* today? 

*15 fucking times*. 

You heard that right, folks! 15 GODDAMN times. That‚Äôs triple the amount of tweets he had made on Q1, where the stock roared 13 - 15%! Meaning that Elon is much more confidence and cockier than he was in Q1! This man knows when his stock will fall and when it doesn‚Äôt, and he‚Äôs letting us know right below our own nose! 

All of this is a *clear* indicator that Tesla is going to the moon today and the next week to come, regardless of whether they beat estimates or not. I‚Äôm betting that Tesla WILL beat estimates simply because of Elon Musk‚Äôs tweets and the fact that everyone has low confidence in the stock as of late. 

This is your DD to buy calls. Whether you want free money or not is up to you. 

Positions: 15 minutes before market close, I‚Äôll buy 3 217.5C exp. OCT. 25th. 

*note*: This is NOT financial advice. Any losses on $TSLA options deep OOTM is a result of your regardedness, not mine. "
2024-10-23 13:45:15,Huge-Cucumber1152,"Tsla yolo, my final play","I understand it doesn‚Äôt fit the rules given the position size. Mods please let it slide. I‚Äôve been here for a while, and it‚Äôs been a ride. Decorative gourd futures, that stuffedness oreo bear indicator, mattress company that is named after a color dude, the forbidden meme ticker,god I‚Äôm gonna miss yall.  But, I rode the face ripping meme stocks, tsla moons, nvda earnings, and have nothing to show for it. I realized I‚Äôm doing this for the feeling it gives me, other than trading nothing really brings me joy. But I‚Äôm not here to be a Debbie downer, just wanted to commemorate this somewhere. To all you in the red, remember-you‚Äôre only 10 trades away from being a multimillionaire. To those few in the all time green, **congrats and fuck you** god speed autists. ***to the moon***"
2024-10-23 16:02:11,Specific_Concern649,It is very clear to me that WSB goes full regard when it comes to TSLA.,"Never go full regard. Stop letting your hate for musk cloud your already ill advised judgment. I‚Äôm mad because time and time again every time this dumb sub says to buy puts on TSLA, I do and I‚Äôve finally learned my lesson.


These things are true:


1) Cybertruck is not a failure. Demand is still high.


2) FSD continues to improve and is postured better to scale than any of its competitors including wAyMo. FSD is transformational, a lot of you boneheads just refuse to admit it. FSD will be successful. But ‚Äúmuh LiDaR‚Äù. Shut up. You know nothing about sensors, inference, AI, etc.


3) Tesla will be the king of EVs for the foreseeable future. No competitor is even close.


4) Tesla continues to print money and hoard money. All this talk about ‚ÄúTSLA doesn‚Äôt trade on fundamentals only musk failed promises‚Äù is equally regarded. They‚Äôve been successful at reinvesting in areas where they either created demand or already have demand. TSLA is a successful fucking company, deal with it, idiots.


5) ‚ÄúBut musk is a liar who manipulates the stock‚Äù. Shut up. TSLA isn‚Äôt a conspiracy. This often referenced ‚Äúcult‚Äù doesn‚Äôt have enough money combined to move the stock $1.


6) Robotaxi will turn out to be a success.


7) Optimus is also postured to scale for practical use better than any of its competitors. It will also be a success.


In other words. I‚Äôm done listening to you losers."
2024-10-23 16:44:14,Humble_Aioli5267,How to become a millionaire overnightÔºà TSLAÔºâ,
2024-10-24 09:41:35,Deja_ve_,$TSLA: The DD of a lifetime: GAIN ,"Just wanted to say thanks for everyone that reviewed my DD and followed my advice. Past few months have been rough, so I took a crack at this theory I‚Äôve formulated, and it seems like it might be the case to follow on TSLA. Might not be a lot of gains, but I think it‚Äôs decent regardless. Godspeed, fellow Tesla bulls. "
2024-10-24 10:08:37,TheBackWidow,34k to 520k in $TSLA,Which one of you apes turned $34k into over half a mill in an earnings lotto? There was some crazy out of the money Call flow right before earnings so I'm not surprised. Wish I would've trusted my gut and followed this trade.
2024-10-25 02:16:37,CellDesperate4379,How is tsla q2 results not terrible? ,"Tesla P/E is something like 75, vs ford which is 5. The justification is that tesla is a growth stock with amazing potential.

Yesterday results shows revenue growth has dramatically slowed. It's nots a growth stock anymore!

Yes profit was up, but that was down to cost cutting and interest rates / exchange rates etc. These can only be cut so much, tesla need to keep growing dramatically for it to justify the 75 p/e.

All this talk about robo taxi, robots etc. I'll believe it when I see it, and even then, they're not schedule until 2027.

  
edit: In fact, without the $739 million in automotive regulatory credit, income would also have been down. "
2024-10-25 09:28:46,jiaperligh,TSLA shares add billions to Elon Musk's net worth,"Elon Musk's net worth is estimated to have grown by tens of billions of dollars on Thursday, when Tesla ( TSLA ) shares hit their highest price ever. With Friday's trading volatility, his wealth is expected to increase even further.

On Thursday, Tesla reported mixed earnings, but the results were encouraging, with investors focusing on several factors including strong margins, earnings per share, net income, and the company's lowest-ever cost per item sold. This was Tesla's first earnings growth in seven quarters.

Much of this growth may also be attributed to Musk's new round of promises.

He predicted that Tesla will start offering carpooling in at least two states next year (California and Texas), where he plans to get approval from ‚Äúfully unsupervised‚Äù Fully Self-Driving (FSD) regulators. Musk also revealed his ‚Äúbest guess‚Äù for 2025 deliveries, which he said will increase by 20 to 30 percent, as Tesla plans to start selling more affordable models in early 2024. Tesla plans to sell more than 1.81 million electric vehicles in 2024.

In an earnings call with analysts, Musk said, ‚ÄúI predict Tesla will be the most valuable company in the world, and probably by a long shot.‚Äù

Musk controls nearly 13 percent of Tesla's outstanding shares, but could buy more at a steep discount if his compensation plan is approved by the courts. He also owns a majority stake in SpaceX, which he leads, as well as artificial intelligence startup xAI and social media platform X (META) (formerly Twitter).

Tesla's gains on Thursday boosted Musk's net worth to about $270 billion, up $33.5 billion, according to the Bloomberg Billionaires Index. The index is updated at the close of the New York market. The Forbes Real-Time Billionaires Index is expected to grow by $26 billion on Thursday to about $269 billion. Musk's net worth increased by another $3 billion to nearly $273 billion as of Friday, Forbes reported.

The second-richest person on the list is Oracle Corporation ( ORCL ) founder and Musk ally Larry Ellison, with a net worth of $213.8 billion, according to Forbes. He was followed by Amazon (AMZN) founder Jeff Bezos and Meta CEO Mark Zuckerberg, with $207.7 billion and $200.5 billion, respectively.

Tesla shares were up more than 2 percent in regular trading Friday morning at about $266 a share, up 55 percent in the past six months. The stock is up just 6 percent so far this year."
2024-10-26 10:38:47,PowerEastern3143,"$500,000 next week TSLA call options",
2024-11-06 05:17:20,julia3za,"TSLA - how to price calls today, given the high volatility? ","So our planet and efforts to combat climate change took a massive hit today... but - gotta find the silver lining - at least my TSLA calls are going to print. 

Since I left a lot of money on the table after earnings by having paper hands and selling right at open - and not pricing those calls well to boot - I want to avoid repeating the same mistake. Any advice on pricing the below correctly? (I still have paper hands, so might still sell at open... haha, some trading mistakes are not easy to fix.)

Stock price difference √ó delta is what I typically use, but that obviously doesn't account for the massive volatility spike today. Any advice on how much to add in for that? Long time lurker, first time poster - thank you in advance!!! 

Positions:
TSLA $270 12/20/24
TSLA $260 1/17/25
TSLA $265 1/17/25
TSLA $300 1/17/25"
2024-11-06 07:44:57,3_if_by_air,"Dow soars 1,300 points to a record, Russell 2000 jumps 4% as Trump defeats Harris",
2024-11-06 08:36:15,JasknTR1,300 to 26k in 3 weeks,"Been doing options since the beginning of this summer, started out with around 1.8k. Was down to my last $300 and decided to all in tesla before earnings 10/24 landing me 3.2k. It just snowballed from there and I finally reached 26k today! Never give up my fellow regards!"
2024-11-07 08:53:44,paypropda,Thanks to the TSLA gain of 1937%,"I made a bold decision 3 days ago. Every price jump has tugged at the nerves, making one fearful of both missing out on more upside and pulling back on profits. My heart is beating like crazy and I feel an overwhelming sense of excitement and accomplishment"
2024-11-07 15:04:38,PurposeOk1460,TSLA analysis,"Reading through earlier comments I know you all must be thinking I'm nuts to try to do an analysis of a meme stock, but I already did it so ...



What I found is that Tesla tends to trade at about 50% above my fair value calculation, but it can become unstable if it goes 60% over. An example of this was just before the Robotaxi event, which was followed by a large drop.



My current fair value estimate for tesla is $170 and at $297.5 it has reached 75% over.



So I decided YOLO and bought 50 Nov29 $250 puts and 50 Dec 20 $250 puts.

https://preview.redd.it/0tsft2wbyjzd1.png?width=1188&format=png&auto=webp&s=e97dcab45540b5e50a66c60619ae64a1b2798130"
2024-11-08 08:48:53,zech01,I (only) lost $32k shorting TSLA this month ,"Hello fellow degens, some of you may remember my earlier post about making $70k shorting TSLA this year (https://www.reddit.com/r/wallstreetbets/comments/1g9hus6/70k_profit_from_shorting_tsla/). 

As you can guess this strategy has not worked well this month and my YTD profit from my favorite EV company is now down to $40k (see second pic)

But please indulge my big brain boast about not completely fucking it up because in an alternate universe, I would have completely wiped my portfolio. Instead, I had the audacity to do something unheard of in this sub: RisK MiTigAtiOn.

Basically at the height of my profits I transferred most of my money out of my margin trading account and into another cash trading account (and into basic bitch ETFs). This saved my ass because I would definitely would have gone full regard and shorted TSLA with a position 3x larger than what I actually did = 3x larger loss.

So for you fellow degens who have mooned recently, congrats, fuck you, and consider implementing measures to curb your degeneracy. Lock your gains into ETFs, change your account from margin to cash, or transfer your assets to your wife or to her boyfriend since it‚Äôll eventually go to him anyway.

In any case, see you at Wendy‚Äôs. "
2024-11-08 08:56:51,CamarosAndCannabis,"$TSLA 0DTEs $2850 -> $40,300","Bought last night before close. Expected a $300 breach today and knew all of those hedgies that were short would get their assholes blown apart. The instant gap from 299.9x to 301.xx+ when it happened I knew it was gonna run hard. Locked these fuckers in before they went to 0

gg ez no re"
2024-11-08 17:53:56,Kimpten101,$TSLA $70 -> $2800 +4000%,"Placed a limit order on lotto calls and went to sleep as I live upside down, to my surprise my broker sold my position at top before I woke up Ty for 4k kangaroo dollars "
2024-11-09 09:38:10,NEXEL33,TSLA Potential Bearish Next Week,"Next week look at potential bearish TSLA crash

Tesla‚Äôs recent price action suggest a possibility of a pullback, potentially to the $307 level, before moving up to the $335 range. Analysts have noted that Tesla‚Äôs RSI is over 80, placing it in an ‚Äúoverbought‚Äù category, which often leads to a temporary pullback as investors take profits. Additionally, technical indicators show that the stock may face resistance near $335, suggesting it may first need to ‚Äúcool off‚Äù with a slight dip before any attempt at higher levels.

If Tesla does pull back to around $307, it could serve as a consolidation phase, allowing the stock to gather momentum for a push upward. However, this movement is contingent on overall market conditions and investor sentiment staying supportive. Some sources view this pullback as a healthy correction within Tesla‚Äôs ongoing uptrend, while others suggest that breaking below $307 could trigger further declines.

In summary, a pullback to around $307 is likely, but it should be monitored closely, as further decline would indicate potential support level testing around $288. 

While it‚Äôs difficult to predict Tesla‚Äôs exact movements over the next week, there is some consensus among analysts that the stock could face further volatility.

The price is currently above $320, with analysts having varying opinions about where it could go in the near future. Some predict a potential pullback to the $220‚Äì$250 range, particularly considering concerns about profitability and broader market conditions. Other more optimistic forecasts suggest that Tesla could eventually see a rebound, with some price targets as high as $350, but this would be contingent on Tesla maintaining strong market position and positive news, such as advancements in their self-driving tech.

Given these mixed views, while a pullback to around $230‚Äì$240 is possible, it is equally plausible that the stock might stabilize around the $300 mark or rise, depending on the broader market trends and company performance.

Market hype is dying down after this past week, people are taking out profits and we are looking at a big potential dip in the stock. Overvaluation and Tesla having a bad year so far if we talk sales and production; the uptrend is most likely over and if you haven‚Äôt already this could be a good time to sell. The risk is way too high for minimal profit margins.

(It all depends on how much Elon Musk will post on Twitter/X lol)

Links:

https://www.benzinga.com/money/tesla-stock-price-prediction

https://stockanalysis.com/stocks/tsla/forecast/

https://www.marketbeat.com/stocks/NASDAQ/TSLA/forecast/"
2024-11-11 03:46:04,littlelongbob,"Loss prob of a gambler. I have 1 k left, where should I burn it?",I have been gambling for years and it shows. So proposed a challenge try and recoup at least 25% - 50% with in the next year with only 1k. Or just enjoy the comments. Either way this should be fun.
2024-11-11 08:34:23,Icy_Surround6994,"$80,000 to $1.12M in 7 days. Thank you Elon Musk! $TSLA","https://preview.redd.it/5i2pyzrxja0e1.jpg?width=1098&format=pjpg&auto=webp&s=c2f04c7bed78f9c752e85e916ed65fb1503dccc2

https://preview.redd.it/capdss2yja0e1.jpg?width=831&format=pjpg&auto=webp&s=7d7840950b254bfbef13d3c2bb56be8b2a0a005d

(Repost from 30 minutes ago because my post wasn't clear enough according to the mods)  
  
So, I wanted to bet on Tesla mooning as a result of Trump winning due to their new close relationship, and the deregulation that was coming for Tesla in the new administration. I'm not a political person, just trading off an idea!

So here's what I did:  
  
Bought $15,000 on 3:1 Kamala bets to win $30,000 to hedge my $50,000 in TSLA weekly calls. If she had won, I'd lose $10K-15K Max. If Trump won, this happens... Rolled my weekly calls to 29 Nov/ 20 Dec and held till today. Closed 95%."
2024-11-11 12:37:05,workinguntil65oridie,"Time to inverse WSB, 50k puts on $TSLA","You are all so bullish on TSLA. Time to do the opposite, this week we have CPI, multiple fed speakers and unemployment. See you all back at 250$"
2024-11-11 16:28:35,Dbetancourt92,Thank you Elon! $TSLA $10k to $149k in under a week,Opened a lotto account last week after the elections and full send $TSLA FDs . Holding 49 contracts $450c for 3/22/2025 for now. 
2024-11-11 16:38:58,luminelin,$TSLA Calls Closed +$400k,"Haven't gotten any sleep holding these Tesla calls, but it finally paid off. Exited everything today for peace of mind and a good night's rest. Rolled the profits into Tesla shares targeting $400. It‚Äôs been a brutal yet humbling ride and now ready for the next chapter.

Here‚Äôs to those who hold the line for the moon üöÄüíéü§≤

https://preview.redd.it/zf9h5ghxyc0e1.jpg?width=1257&format=pjpg&auto=webp&s=ebac47352deb82b8e1976bdc32c6f45091d12175

https://preview.redd.it/l2nhwagxyc0e1.jpg?width=1282&format=pjpg&auto=webp&s=31cf665a90f13ffb87532fe3ecb6a42cee602c59

"
2024-11-11 18:21:48,Unusual-Stress3401,This is the stupidest shit I‚Äôve ever seen wtf.,Everyday I add to my short positions just to get rinsed thankfully started out small. You guys want me to lyk when I go long?
2024-11-12 22:47:20,Rigor_Morpheus,TSLA: GUH,This is actually a bug when you have positions and go check a watchlist option but still scared me when I checked today ü§£. 
2024-11-13 08:57:23,DoNotPassLine,I ded it agan,"Hello brother degens. Well essentially I got here by disregarding every basic financial/common sense safeguard and went all in daily/weekly n/otms on any slight daily sell off. I wouldn‚Äôt recommend it at all but honestly it‚Äôs none of my damn business what you do. Everyone around me is irritated that a guy making $20/hr two years ago just made a qm in 3 months and who can blame them. Stay the course. Worst thing you can do is work with some cool mf at your local Wendys plotting your next rise to glory.

Bought $RKLB calls each dip $3.50-$15 
40k $13.5 - $16 $RKLB weeklies for ER
$TSLA and $BITX flips on the side

Started with an all in at $3.5c and walked with my conviction and tuned out the noise. If you asked my honest opinion, $RKLB is just getting started. I‚Äôve been around for $AMD $TSLA $NVDA and it‚Äôs showing promising signs and an exciting future. 

Closed ER play and bought $25c and will continue to pound options and shares as opportunities present themselves. 

Congratulations to the $RKLB bulls that just launched out of the deep dark trenches üöÄ"
2024-11-14 17:49:00,twitgod69,Coping with Loss in the Time of ü•≠ (TSLA and LUNR),"https://preview.redd.it/tk91sh5tpy0e1.jpg?width=1179&format=pjpg&auto=webp&s=d713d5097c8d7742ca6f7974c18810f0daa0fade

I'm typically a very risk averse investor. I made one risky play in 2021, lost 50% of my principal, and swore off short swing investing entirely. Since then, I have parked most of my money in ETFs and a few long-play individual stocks.

With the recent election, a few of my long plays paid off to the tune of 10k and I got greedy and moved back to the HOOD. I made an additional 15% at first, but then the FOMO hit and I tried to chase TSLA and LUNR back to back, losing 25% of my gains in the process. This made me go full paperhands and liquidate.

I come to you degenerates to ask a simple question: how do you cope with this sort of loss? Luckily, I'm not forced to move to the local BK dumpster due to this move, but it just feels so bad. I went from pay for my holidays to losing two months of rent in a few swipes.

You apes have any guidance?"
